time,room,h_interface,T_upper,T_lower
0,1F_Room1,2.9051216799028885,306.91409067217387,292.8295524283805
1,1F_Room1,2.880218818263864,309.85917692148143,292.7429335506752
2,1F_Room1,2.8693020638026416,311.304586443474,292.6968600564432
3,1F_Room1,2.8638984219241195,312.0533798575647,292.6720429968799
4,1F_Room1,2.861092398891798,312.45080701200067,292.65860620069884
5,1F_Room1,2.8596025903772824,312.6642761613006,292.65131324875574
6,1F_Room1,2.8588030499377997,312.7796410140155,292.6473501337422
7,1F_Room1,2.858371859508568,312.8421873332348,292.64519521286064
8,1F_Room1,2.8581390236633903,312.876154370555,292.64402314483965
9,1F_Room1,2.858013514304025,312.89461690923406,292.6433855675481
10,1F_Room1,2.8579462257310637,312.9046565445859,292.64303872045383
11,1F_Room1,2.8579105625582533,312.9101171433426,292.6428500281898
12,1F_Room1,2.857892090483935,312.91308750190944,292.64274737384267
13,1F_Room1,2.857882966736092,312.91470334813516,292.6426915253958
14,1F_Room1,2.8578789275110545,312.9155823793371,292.6426611400487
15,1F_Room1,2.857877654046853,312.91606059162496,292.6426446070555
16,1F_Room1,2.857877885147359,312.91632075984677,292.6426356100944
17,1F_Room1,2.8578789347801616,312.91646231147683,292.6426307130709
18,1F_Room1,2.857880429757003,312.9165393341316,292.6426280467393
19,1F_Room1,2.8578821670625874,312.9165812509995,292.6426265942091
20,1F_Room1,2.8578840362509377,312.9166040681365,292.6426258022624
21,1F_Room1,2.857885977232388,312.9166164928986,292.6426253699146
22,1F_Room1,2.8578879573111,312.9166232622775,292.64262513339605
23,1F_Room1,2.857889958694072,312.9166269534433,292.64262500358456
24,1F_Room1,2.857891971696263,312.9166289686319,292.64262493196986
25,1F_Room1,2.8578939910442185,312.9166300708979,292.64262489213866
26,1F_Room1,2.8578960138651786,312.916630675552,292.6426248697022
27,1F_Room1,2.857898038593059,312.9166310087001,292.64262485681667
28,1F_Room1,2.857900064373194,312.9166311934898,292.6426248492013
29,1F_Room1,2.8579020907384134,312.9166312970326,292.64262484451626
30,1F_Room1,2.857904117432743,312.91663135593353,292.6426248414796
31,1F_Room1,2.857906144315419,312.9166313901834,292.64262483938614
32,1F_Room1,2.857908171308611,312.91663141071973,292.64262483784626
33,1F_Room1,2.857910198368935,312.9166314235432,292.6426248366426
34,1F_Room1,2.857912225471914,312.91663143195893,292.64262483565255
35,1F_Room1,2.8579142526034946,312.9166314377983,292.64262483480576
36,1F_Room1,2.8579162797554076,312.9166314420847,292.64262483406077
37,1F_Room1,2.8579183069226204,312.9166314453972,292.6426248333924
38,1F_Room1,2.8579203341019386,312.91663144806927,292.6426248327847
39,1F_Room1,2.85792236129123,312.91663145029787,292.64262483222694
40,1F_Room1,2.857924388488995,312.9166314522028,292.6426248317116
41,1F_Room1,2.857926415694119,312.91663145386,292.64262483123315
42,1F_Room1,2.857928442905738,312.91663145532,292.6426248307872
43,1F_Room1,2.8579304701231525,312.91663145661795,292.64262483037027
44,1F_Room1,2.857932497345782,312.91663145777954,292.64262482997947
45,1F_Room1,2.8579345245731322,312.9166314588245,292.6426248296123
46,1F_Room1,2.8579365518047766,312.91663145976827,292.64262482926665
47,1F_Room1,2.8579385790403418,312.91663146062353,292.64262482894065
48,1F_Room1,2.857940606279499,312.91663146140087,292.6426248286326
49,1F_Room1,2.857942633521957,312.91663146210914,292.6426248283411
50,1F_Room1,2.8579446607674552,312.91663146275596,292.64262482806487
51,1F_Room1,2.85794668801576,312.91663146334787,292.64262482780265
52,1F_Room1,2.8579487152666627,312.9166314638906,292.64262482755345
53,1F_Room1,2.8579507425199733,312.9166314643891,292.6426248273163
54,1F_Room1,2.857952769775521,312.9166314648478,292.64262482709034
55,1F_Room1,2.857954797033151,312.9166314652705,292.64262482687485
56,1F_Room1,2.857956824292721,312.9166314656606,292.6426248266691
57,1F_Room1,2.8579588515541032,312.9166314660212,292.64262482647234
58,1F_Room1,2.8579608788171806,312.9166314663549,292.64262482628413
59,1F_Room1,2.857962906081845,312.9166314666641,292.6426248261038
60,1F_Room1,2.8579649333479975,312.916631466951,292.642624825931
61,1F_Room1,2.857966960615548,312.9166314672175,292.6426248257652
62,1F_Room1,2.857968987884413,312.9166314674653,292.642624825606
63,1F_Room1,2.8579710151545163,312.916631467696,292.64262482545297
64,1F_Room1,2.857973042425786,312.9166314679109,292.64262482530575
65,1F_Room1,2.857975069698157,312.91663146811135,292.64262482516403
66,1F_Room1,2.8579770969715685,312.9166314682985,292.64262482502755
67,1F_Room1,2.857979124245964,312.91663146847327,292.642624824896
68,1F_Room1,2.857981151521291,312.9166314686367,292.64262482476914
69,1F_Room1,2.8579831787975007,312.91663146878966,292.6426248246467
70,1F_Room1,2.8579852060745474,312.91663146893285,292.6426248245284
71,1F_Room1,2.85798723335239,312.916631469067,292.6426248244141
72,1F_Room1,2.857989260630988,312.91663146919285,292.6426248243036
73,1F_Room1,2.857991287910304,312.9166314693109,292.6426248241967
74,1F_Room1,2.8579933151903054,312.91663146942176,292.6426248240932
75,1F_Room1,2.8579953424709577,312.9166314695259,292.642624823993
76,1F_Room1,2.8579973697522316,312.9166314696238,292.6426248238959
77,1F_Room1,2.8579993970340984,312.91663146971575,292.6426248238018
78,1F_Room1,2.8580014243165315,312.9166314698023,292.6426248237105
79,1F_Room1,2.858003451599505,312.9166314698838,292.6426248236219
80,1F_Room1,2.8580054788829954,312.91663146996046,292.64262482353587
81,1F_Room1,2.8580075061669814,312.9166314700327,292.64262482345237
82,1F_Room1,2.85800953345144,312.9166314701008,292.6426248233712
83,1F_Room1,2.858011560736353,312.91663147016493,292.6426248232923
84,1F_Room1,2.8580135880217012,312.9166314702254,292.6426248232156
85,1F_Room1,2.8580156153074663,312.9166314702825,292.642624823141
86,1F_Room1,2.858017642593632,312.9166314703363,292.6426248230684
87,1F_Room1,2.8580196698801816,312.91663147038713,292.6426248229977
88,1F_Room1,2.8580216971671013,312.916631470435,292.64262482292884
89,1F_Room1,2.858023724454376,312.91663147048024,292.64262482286176
90,1F_Room1,2.858025751741992,312.91663147052293,292.6426248227964
91,1F_Room1,2.8580277790299364,312.91663147056323,292.64262482273267
92,1F_Room1,2.8580298063181973,312.91663147060126,292.64262482267054
93,1F_Room1,2.8580318336067623,312.9166314706372,292.64262482260995
94,1F_Room1,2.8580338608956217,312.9166314706711,292.64262482255083
95,1F_Room1,2.8580358881847636,312.9166314707032,292.64262482249313
96,1F_Room1,2.858037915474178,312.9166314707335,292.6426248224368
97,1F_Room1,2.8580399427638565,312.91663147076207,292.6426248223818
98,1F_Room1,2.858041970053789,312.91663147078907,292.642624822328
99,1F_Room1,2.8580439973439673,312.91663147081454,292.6426248222755
100,1F_Room1,2.8580460246343824,312.9166314708386,292.64262482222415
101,1F_Room1,2.8580480519250266,312.91663147086126,292.64262482217396
102,1F_Room1,2.858050079215893,312.9166314708827,292.6426248221249
103,1F_Room1,2.8580521065069737,312.91663147090287,292.6426248220769
104,1F_Room1,2.8580541337982615,312.9166314709219,292.64262482203
105,1F_Room1,2.85805616108975,312.9166314709399,292.64262482198404
106,1F_Room1,2.858058188381433,312.9166314709568,292.6426248219391
107,1F_Room1,2.8580602156733037,312.9166314709728,292.642624821895
108,1F_Room1,2.8580622429653575,312.9166314709878,292.6426248218519
109,1F_Room1,2.8580642702575876,312.91663147100195,292.64262482180965
110,1F_Room1,2.8580662975499895,312.91663147101525,292.64262482176827
111,1F_Room1,2.8580683248425576,312.9166314710277,292.64262482172774
112,1F_Room1,2.858070352135287,312.9166314710394,292.642624821688
113,1F_Room1,2.8580723794281724,312.9166314710504,292.64262482164906
114,1F_Room1,2.85807440672121,312.9166314710607,292.64262482161087
115,1F_Room1,2.8580764340143947,312.9166314710704,292.6426248215734
116,1F_Room1,2.858078461307723,312.9166314710794,292.6426248215367
117,1F_Room1,2.858080488601191,312.9166314710879,292.64262482150065
118,1F_Room1,2.8580825158947936,312.91663147109574,292.6426248214653
119,1F_Room1,2.858084543188528,312.91663147110313,292.64262482143056
120,1F_Room1,2.8580865704823903,312.91663147110995,292.6426248213965
121,1F_Room1,2.858088597776377,312.91663147111626,292.6426248213631
122,1F_Room1,2.8580906250704836,312.9166314711222,292.64262482133023
123,1F_Room1,2.858092652364709,312.91663147112763,292.642624821298
124,1F_Room1,2.8580946796590485,312.91663147113263,292.64262482126634
125,1F_Room1,2.8580967069535004,312.91663147113724,292.6426248212352
126,1F_Room1,2.85809873424806,312.91663147114144,292.6426248212046
127,1F_Room1,2.8581007615427256,312.9166314711453,292.64262482117454
128,1F_Room1,2.8581027888374946,312.9166314711488,292.642624821145
129,1F_Room1,2.858104816132364,312.91663147115196,292.64262482111593
130,1F_Room1,2.8581068434273313,312.91663147115474,292.6426248210874
131,1F_Room1,2.8581088707223943,312.91663147115725,292.6426248210593
132,1F_Room1,2.85811089801755,312.9166314711595,292.64262482103175
133,1F_Room1,2.8581129253127964,312.9166314711615,292.64262482100463
134,1F_Room1,2.8581149526081315,312.9166314711632,292.6426248209779
135,1F_Room1,2.8581169799035524,312.9166314711647,292.64262482095165
136,1F_Room1,2.8581190071990585,312.91663147116594,292.6426248209258
137,1F_Room1,2.858121034494647,312.9166314711669,292.6426248209004
138,1F_Room1,2.8581230617903155,312.91663147116765,292.64262482087537
139,1F_Room1,2.858125089086062,312.9166314711682,292.64262482085076
140,1F_Room1,2.8581271163818855,312.9166314711686,292.6426248208265
141,1F_Room1,2.858129143677784,312.9166314711688,292.6426248208026
142,1F_Room1,2.8581311709737554,312.9166314711687,292.6426248207791
143,1F_Room1,2.858133198269798,312.91663147116856,292.64262482075594
144,1F_Room1,2.8581352255659107,312.9166314711682,292.64262482073315
145,1F_Room1,2.858137252862092,312.9166314711677,292.6426248207107
146,1F_Room1,2.8581392801583396,312.9166314711671,292.6426248206886
147,1F_Room1,2.8581413074546527,312.9166314711663,292.64262482066675
148,1F_Room1,2.8581433347510297,312.9166314711653,292.64262482064527
149,1F_Room1,2.858145362047469,312.9166314711642,292.6426248206241
150,1F_Room1,2.8581473893439693,312.916631471163,292.64262482060326
151,1F_Room1,2.8581494166405292,312.9166314711617,292.6426248205827
152,1F_Room1,2.858151443937148,312.9166314711602,292.6426248205624
153,1F_Room1,2.858153471233824,312.91663147115867,292.6426248205424
154,1F_Room1,2.858155498530556,312.916631471157,292.64262482052266
155,1F_Room1,2.858157525827343,312.9166314711552,292.6426248205032
156,1F_Room1,2.858159553124183,312.9166314711534,292.64262482048406
157,1F_Room1,2.8581615804210765,312.91663147115145,292.6426248204652
158,1F_Room1,2.858163607718021,312.9166314711494,292.64262482044654
159,1F_Room1,2.8581656350150166,312.91663147114724,292.6426248204282
160,1F_Room1,2.858167662312061,312.9166314711451,292.64262482041005
161,1F_Room1,2.8581696896091544,312.9166314711428,292.64262482039214
162,1F_Room1,2.8581717169062952,312.9166314711405,292.64262482037446
163,1F_Room1,2.8581737442034822,312.9166314711381,292.642624820357
164,1F_Room1,2.8581757715007154,312.9166314711356,292.6426248203398
165,1F_Room1,2.8581777987979935,312.91663147113303,292.6426248203228
166,1F_Room1,2.858179826095315,312.9166314711304,292.642624820306
167,1F_Room1,2.8581818533926797,312.91663147112774,292.6426248202895
168,1F_Room1,2.8581838806900866,312.9166314711251,292.64262482027317
169,1F_Room1,2.858185907987535,312.91663147112234,292.642624820257
170,1F_Room1,2.8581879352850246,312.9166314711195,292.6426248202411
171,1F_Room1,2.858189962582554,312.91663147111666,292.6426248202254
172,1F_Room1,2.8581919898801216,312.91663147111376,292.6426248202099
173,1F_Room1,2.8581940171777283,312.9166314711108,292.64262482019456
174,1F_Room1,2.8581960444753722,312.91663147110785,292.64262482017944
175,1F_Room1,2.8581980717730535,312.91663147110484,292.6426248201645
176,1F_Room1,2.858200099070771,312.9166314711018,292.6426248201497
177,1F_Room1,2.8582021263685244,312.91663147109875,292.6426248201351
178,1F_Room1,2.8582041536663128,312.9166314710956,292.64262482012066
179,1F_Room1,2.8582061809641357,312.9166314710925,292.6426248201064
180,1F_Room1,2.858208208261992,312.9166314710893,292.6426248200923
181,1F_Room1,2.8582102355598815,312.9166314710861,292.64262482007837
182,1F_Room1,2.858212262857804,312.91663147108284,292.6426248200646
183,1F_Room1,2.858214290155758,312.91663147107965,292.642624820051
184,1F_Room1,2.858216317453744,312.9166314710764,292.6426248200376
185,1F_Room1,2.858218344751761,312.9166314710731,292.64262482002437
186,1F_Room1,2.8582203720498076,312.9166314710698,292.64262482001124
187,1F_Room1,2.858222399347885,312.9166314710665,292.6426248199983
188,1F_Room1,2.8582244266459913,312.9166314710632,292.64262481998543
189,1F_Room1,2.858226453944127,312.9166314710599,292.64262481997275
190,1F_Room1,2.858228481242291,312.91663147105646,292.6426248199602
191,1F_Room1,2.858230508540482,312.9166314710531,292.6426248199478
192,1F_Room1,2.8582325358387015,312.9166314710497,292.6426248199355
193,1F_Room1,2.8582345631369472,312.9166314710463,292.6426248199234
194,1F_Room1,2.8582365904352196,312.9166314710429,292.6426248199114
195,1F_Room1,2.858238617733518,312.9166314710395,292.64262481989954
196,1F_Room1,2.8582406450318425,312.9166314710361,292.6426248198878
197,1F_Room1,2.858242672330192,312.9166314710327,292.64262481987623
198,1F_Room1,2.8582446996285666,312.91663147102923,292.64262481986475
199,1F_Room1,2.8582467269269656,312.91663147102577,292.6426248198534
200,1F_Room1,2.8582487542253885,312.91663147102236,292.6426248198421
201,1F_Room1,2.8582507815238354,312.9166314710189,292.642624819831
202,1F_Room1,2.858252808822306,312.9166314710154,292.64262481981996
203,1F_Room1,2.858254836120799,312.91663147101195,292.64262481980904
204,1F_Room1,2.8582568634193146,312.9166314710085,292.64262481979824
205,1F_Room1,2.858258890717853,312.916631471005,292.64262481978756
206,1F_Room1,2.8582609180164127,312.91663147100155,292.642624819777
207,1F_Room1,2.8582629453149946,312.916631470998,292.6426248197665
208,1F_Room1,2.8582649726135974,312.91663147099456,292.6426248197562
209,1F_Room1,2.8582669999122214,312.9166314709911,292.64262481974595
210,1F_Room1,2.8582690272108655,312.9166314709876,292.64262481973583
211,1F_Room1,2.85827105450953,312.9166314709842,292.6426248197258
212,1F_Room1,2.8582730818082145,312.9166314709808,292.6426248197159
213,1F_Room1,2.858275109106919,312.91663147097734,292.64262481970604
214,1F_Room1,2.8582771364056425,312.91663147097387,292.6426248196963
215,1F_Room1,2.8582791637043856,312.91663147097046,292.64262481968666
216,1F_Room1,2.858281191003147,312.916631470967,292.6426248196771
217,1F_Room1,2.8582832183019273,312.9166314709636,292.6426248196677
218,1F_Room1,2.858285245600726,312.91663147096017,292.6426248196583
219,1F_Room1,2.8582872728995428,312.91663147095676,292.64262481964903
220,1F_Room1,2.8582893001983773,312.9166314709533,292.6426248196399
221,1F_Room1,2.858291327497229,312.9166314709499,292.6426248196308
222,1F_Room1,2.858293354796098,312.91663147094647,292.6426248196218
223,1F_Room1,2.8582953820949846,312.91663147094306,292.6426248196129
224,1F_Room1,2.858297409393887,312.9166314709397,292.64262481960407
225,1F_Room1,2.8582994366928065,312.9166314709363,292.6426248195953
226,1F_Room1,2.8583014639917423,312.91663147093294,292.6426248195866
227,1F_Room1,2.858303491290694,312.91663147092953,292.64262481957803
228,1F_Room1,2.858305518589662,312.9166314709262,292.6426248195695
229,1F_Room1,2.8583075458886453,312.9166314709228,292.6426248195611
230,1F_Room1,2.8583095731876447,312.91663147091947,292.64262481955274
231,1F_Room1,2.8583116004866587,312.9166314709162,292.64262481954444
232,1F_Room1,2.858313627785688,312.9166314709128,292.64262481953625
233,1F_Room1,2.858315655084732,312.91663147090946,292.6426248195281
234,1F_Room1,2.858317682383791,312.91663147090617,292.64262481952005
235,1F_Room1,2.858319709682864,312.91663147090287,292.64262481951204
236,1F_Room1,2.8583217369819507,312.9166314708995,292.64262481950414
237,1F_Room1,2.858323764281052,312.9166314708963,292.6426248194963
238,1F_Room1,2.858325791580167,312.916631470893,292.6426248194885
239,1F_Room1,2.858327818879296,312.9166314708897,292.6426248194808
240,1F_Room1,2.858329846178438,312.91663147088644,292.64262481947316
241,1F_Room1,2.858331873477594,312.9166314708832,292.6426248194656
242,1F_Room1,2.8583339007767625,312.91663147087996,292.6426248194581
243,1F_Room1,2.8583359280759444,312.9166314708767,292.64262481945065
244,1F_Room1,2.858337955375139,312.9166314708735,292.64262481944326
245,1F_Room1,2.858339982674346,312.91663147087024,292.6426248194359
246,1F_Room1,2.858342009973566,312.91663147086706,292.64262481942865
247,1F_Room1,2.858344037272798,312.9166314708638,292.6426248194214
248,1F_Room1,2.8583460645720415,312.91663147086064,292.6426248194143
249,1F_Room1,2.858348091871298,312.91663147085745,292.6426248194073
250,1F_Room1,2.8583501191705656,312.9166314708543,292.6426248194003
251,1F_Room1,2.858352146469845,312.9166314708512,292.64262481939335
252,1F_Room1,2.8583541737691363,312.9166314708481,292.64262481938647
253,1F_Room1,2.858356201068439,312.91663147084495,292.64262481937965
254,1F_Room1,2.8583582283677527,312.9166314708418,292.6426248193729
255,1F_Room1,2.8583602556670775,312.91663147083875,292.6426248193662
256,1F_Room1,2.858362282966413,312.9166314708357,292.6426248193595
257,1F_Room1,2.85836431026576,312.9166314708326,292.64262481935293
258,1F_Room1,2.8583663375651174,312.9166314708296,292.6426248193464
259,1F_Room1,2.8583683648644853,312.91663147082653,292.64262481933986
260,1F_Room1,2.8583703921638643,312.91663147082346,292.6426248193334
261,1F_Room1,2.8583724194632536,312.91663147082045,292.64262481932695
262,1F_Room1,2.858374446762653,312.9166314708174,292.6426248193206
263,1F_Room1,2.8583764740620627,312.91663147081437,292.6426248193143
264,1F_Room1,2.8583785013614826,312.91663147081135,292.642624819308
265,1F_Room1,2.858380528660912,312.91663147080834,292.64262481930183
266,1F_Room1,2.8583825559603513,312.9166314708053,292.6426248192957
267,1F_Room1,2.8583845832597996,312.9166314708024,292.6426248192896
268,1F_Room1,2.8583866105592577,312.9166314707994,292.6426248192835
269,1F_Room1,2.858388637858725,312.91663147079646,292.6426248192775
270,1F_Room1,2.8583906651582023,312.9166314707935,292.64262481927153
271,1F_Room1,2.8583926924576883,312.91663147079055,292.6426248192656
272,1F_Room1,2.8583947197571833,312.91663147078765,292.64262481925977
273,1F_Room1,2.858396747056687,312.91663147078475,292.6426248192539
274,1F_Room1,2.8583987743562003,312.91663147078185,292.6426248192481
275,1F_Room1,2.858400801655722,312.91663147077895,292.64262481924237
276,1F_Room1,2.8584028289552523,312.91663147077605,292.6426248192367
277,1F_Room1,2.8584048562547917,312.9166314707732,292.64262481923106
278,1F_Room1,2.858406883554339,312.91663147077037,292.64262481922543
279,1F_Room1,2.8584089108538953,312.9166314707675,292.64262481921986
280,1F_Room1,2.8584109381534595,312.9166314707647,292.64262481921435
281,1F_Room1,2.8584129654530317,312.91663147076184,292.64262481920883
282,1F_Room1,2.8584149927526123,312.91663147075906,292.6426248192034
283,1F_Room1,2.858417020052201,312.9166314707563,292.642624819198
284,1F_Room1,2.858419047351797,312.91663147075343,292.64262481919263
285,1F_Room1,2.858421074651402,312.9166314707507,292.6426248191873
286,1F_Room1,2.8584231019510136,312.916631470748,292.642624819182
287,1F_Room1,2.8584251292506337,312.91663147074524,292.6426248191768
288,1F_Room1,2.8584271565502615,312.91663147074246,292.64262481917154
289,1F_Room1,2.858429183849896,312.91663147073973,292.6426248191664
290,1F_Room1,2.8584312111495382,312.916631470737,292.64262481916126
291,1F_Room1,2.8584332384491877,312.91663147073433,292.64262481915614
292,1F_Room1,2.8584352657488448,312.91663147073166,292.6426248191511
293,1F_Room1,2.8584372930485094,312.91663147072893,292.6426248191461
294,1F_Room1,2.8584393203481806,312.9166314707263,292.6426248191411
295,1F_Room1,2.858441347647859,312.91663147072364,292.64262481913613
296,1F_Room1,2.858443374947544,312.916631470721,292.6426248191312
297,1F_Room1,2.8584454022472365,312.91663147071836,292.6426248191263
298,1F_Room1,2.8584474295469358,312.9166314707157,292.64262481912147
299,1F_Room1,2.8584494568466416,312.91663147071307,292.64262481911663
0,1F_Room2,3.0,306.902661532987,293.05590527349113
1,1F_Room2,3.0,309.774871115524,293.20971249680287
2,1F_Room2,3.0,311.21375115501735,293.40855236440467
3,1F_Room2,3.0,311.9648906927271,293.627408641745
4,1F_Room2,3.0,312.3681539442269,293.8533337011819
5,1F_Room2,3.0,312.58961996003796,294.07974110223563
6,1F_Room2,3.0,312.71415943678204,294.30332416360017
7,1F_Room2,3.0,312.7860574496746,294.52247503053445
8,1F_Room2,3.0,312.82876612532914,294.73646496224296
9,1F_Room2,3.0,312.8549153642465,294.94501957384455
10,1F_Room2,3.0,312.87144007548125,295.1480990786529
11,1F_Room2,3.0,312.88222797508695,295.34578402010555
12,1F_Room2,3.0,312.88950579594064,295.5382152465154
13,1F_Room2,3.0,312.89457738819215,295.72556202283414
14,1F_Room2,3.0,312.89822376528065,295.9080049374886
15,1F_Room2,3.0,312.90092381150185,296.08572670567196
16,1F_Room2,3.0,312.90297823445104,296.25890724901404
17,1F_Room2,3.0,312.90458044892205,296.4277211224209
18,1F_Room2,3.0,312.9058578713848,296.5923362440422
19,1F_Room2,3.0,312.90689643856035,296.75291335472554
20,1F_Room2,3.0,312.9077554504341,296.90960588706554
21,1F_Room2,3.0,312.9084767338517,297.0625600631103
22,1F_Room2,3.0,312.9090904120417,297.21191511704893
23,1F_Room2,3.0,312.90961860869356,297.35780358282403
24,1F_Room2,3.0,312.91007787208645,297.50035161161975
25,1F_Room2,3.0,312.9104807915926,297.639679298719
26,1F_Room2,3.0,312.91083709543216,297.7759010078013
27,1F_Room2,3.0,312.9111544093586,297.9091256858683
28,1F_Room2,3.0,312.91143878990925,298.039457165068
29,1F_Room2,3.0,312.9116951052738,298.16699444955725
30,1F_Room2,3.0,312.91192731149886,298.2918319866766
31,1F_Room2,3.0,312.91213865569085,298.41405992239714
32,1F_Room2,3.0,312.9123318275461,298.53376434140665
33,1F_Room2,3.0,312.91250907378753,298.65102749243636
34,1F_Room2,3.0,312.91267228561776,298.7659279995563
35,1F_Room2,3.0,312.912823066293,298.8785410602246
36,1F_Room2,3.0,312.91296278387716,298.9889386308915
37,1F_Room2,3.0,312.91309261282277,299.09718960094847
38,1F_Room2,3.0,312.91321356704015,299.2033599557868
39,1F_Room2,3.0,312.91332652641665,299.3075129296932
40,1F_Room2,3.0,312.9134322582497,299.4097091492713
41,1F_Room2,3.0,312.9135314346956,299.51000676803574
42,1F_Room2,3.0,312.9136246470713,299.60846159278196
43,1F_Room2,3.0,312.91371241765245,299.70512720229607
44,1F_Room2,3.0,312.91379520946373,299.8000550589277
45,1F_Room2,3.0,312.9138734344491,299.8932946135124
46,1F_Room2,3.0,312.91394746032694,299.9848934040952
47,1F_Room2,3.0,312.9140176163696,300.0748971488723
48,1F_Room2,3.0,312.91408419830015,300.1633498337402
49,1F_Room2,3.0,312.91414747245886,300.2502937948101
50,1F_Room2,3.0,312.9142076793643,300.3357697962213
51,1F_Room2,3.0,312.91426503676837,300.41981710356174
52,1F_Room2,3.0,312.91431974228783,300.5024735531818
53,1F_Room2,3.0,312.9143719756791,300.58377561766696
54,1F_Room2,3.0,312.9144219008113,300.6637584677149
55,1F_Room2,3.0,312.9144696673836,300.7424560306461
56,1F_Room2,3.0,312.91451541242446,300.81990104575976
57,1F_Room2,3.0,312.91455926160427,300.8961251167322
58,1F_Room2,3.0,312.91460133038834,300.9711587612412
59,1F_Room2,3.0,312.9146417250522,301.04503145798645
60,1F_Room2,3.0,312.9146805435781,301.1177716912649
61,1F_Room2,3.0,312.9147178764482,301.18940699324895
62,1F_Room2,3.0,312.91475380734914,301.25996398410405
63,1F_Room2,3.0,312.91478841379785,301.3294684100758
64,1F_Room2,3.0,312.91482176770006,301.3979451796641
65,1F_Room2,3.0,312.9148539358489,301.4654183979978
66,1F_Room2,3.0,312.91488498037137,301.5319113995128
67,1F_Room2,3.0,312.91491495912885,301.5974467790318
68,1F_Room2,3.0,312.914943926077,301.66204642133636
69,1F_Room2,3.0,312.9149719315898,301.7257315293164
70,1F_Room2,3.0,312.91499902275194,301.78852265077734
71,1F_Room2,3.0,312.915025243623,301.85043970397857
72,1F_Room2,3.0,312.91505063547646,301.91150200197427
73,1F_Room2,3.0,312.91507523701665,301.97172827582096
74,1F_Room2,3.0,312.91509908457544,302.0311366967141
75,1F_Room2,3.0,312.9151222122914,302.0897448971111
76,1F_Room2,3.0,312.9151446522727,302.1475699908944
77,1F_Room2,3.0,312.915166434746,302.20462859262636
78,1F_Room2,3.0,312.9151875881923,302.26093683594286
79,1F_Room2,3.0,312.91520813947085,302.316510391131
80,1F_Room2,3.0,312.9152281139334,302.37136448193274
81,1F_Room2,3.0,312.9152475355282,302.42551390161515
82,1F_Room2,3.0,312.91526642689587,302.478973028343
83,1F_Room2,3.0,312.9152848094575,302.5317558398907
84,1F_Room2,3.0,312.9153027034956,302.58387592772584
85,1F_Room2,3.0,312.9153201282289,302.6353465104956
86,1F_Room2,3.0,312.915337101881,302.686180446946
87,1F_Room2,3.0,312.91535364174393,302.73639024830175
88,1F_Room2,3.0,312.9153697642372,302.7859880901324
89,1F_Room2,3.0,312.9153854849619,302.8349858237307
90,1F_Room2,3.0,312.9154008187512,302.88339498702567
91,1F_Room2,3.0,312.91541577971685,302.93122681505315
92,1F_Room2,3.0,312.9154303812927,302.9784922500044
93,1F_Room2,3.0,312.9154446362749,303.025201950873
94,1F_Room2,3.0,312.91545855685916,303.07136630271833
95,1F_Room2,3.0,312.9154721546756,303.116995425564
96,1F_Room2,3.0,312.9154854408214,303.1620991829477
97,1F_Room2,3.0,312.9154984258906,303.20668719013804
98,1F_Room2,3.0,312.9155111200025,303.25076882203456
99,1F_Room2,3.0,312.91552353282816,303.29435322076404
100,1F_Room2,3.0,312.91553567361444,303.3374493029877
101,1F_Room2,3.0,312.9155475512074,303.3800657669313
102,1F_Room2,3.0,312.91555917407373,303.4222110991513
103,1F_Room2,3.0,312.91557055032075,303.4638935810477
104,1F_Room2,3.0,312.9155816877154,303.5051212951358
105,1F_Room2,3.0,312.9155925937019,303.5459021310857
106,1F_Room2,3.0,312.9156032754181,303.5862437915418
107,1F_Room2,3.0,312.9156137397115,303.62615379772905
108,1F_Room2,3.0,312.91562399315353,303.6656394948576
109,1F_Room2,3.0,312.9156340420535,303.7047080573324
110,1F_Room2,3.0,312.9156438924715,303.7433664937774
111,1F_Room2,3.0,312.9156535502305,303.78162165188047
112,1F_Room2,3.0,312.91566302092787,303.8194802230686
113,1F_Room2,3.0,312.91567230994633,303.8569487470183
114,1F_Room2,3.0,312.915681422464,303.8940336160094
115,1F_Room2,3.0,312.9156903634641,303.9307410791277
116,1F_Room2,3.0,312.9156991377439,303.96707724632336
117,1F_Room2,3.0,312.91570774992357,304.00304809233023
118,1F_Room2,3.0,312.91571620445404,304.0386594604519
119,1F_Room2,3.0,312.91572450562484,304.07391706622
120,1F_Room2,3.0,312.91573265757114,304.10882650092935
121,1F_Room2,3.0,312.9157406642809,304.1433932350551
122,1F_Room2,3.0,312.9157485296012,304.1776226215565
123,1F_Room2,3.0,312.9157562572444,304.2115198990715
124,1F_Room2,3.0,312.91576385079406,304.2450901950066
125,1F_Room2,3.0,312.9157713137104,304.27833852852564
126,1F_Room2,3.0,312.9157786493357,304.3112698134419
127,1F_Room2,3.0,312.91578586089906,304.3438888610169
128,1F_Room2,3.0,312.9157929515214,304.376200382669
129,1F_Room2,3.0,312.91579992421964,304.40820899259626
130,1F_Room2,3.0,312.91580678191144,304.43991921031545
131,1F_Room2,3.0,312.91581352741883,304.4713354631215
132,1F_Room2,3.0,312.9158201634723,304.50246208846943
133,1F_Room2,3.0,312.9158266927144,304.5333033362823
134,1F_Room2,3.0,312.9158331177034,304.5638633711872
135,1F_Room2,3.0,312.91583944091644,304.59414627468266
136,1F_Room2,3.0,312.91584566475274,304.6241560472391
137,1F_Room2,3.0,312.91585179153685,304.6538966103356
138,1F_Room2,3.0,312.91585782352126,304.6833718084344
139,1F_Room2,3.0,312.91586376288933,304.7125854108962
140,1F_Room2,3.0,312.9158696117579,304.7415411138378
141,1F_Room2,3.0,312.9158753721797,304.77024254193384
142,1F_Room2,3.0,312.915881046146,304.79869325016574
143,1F_Room2,3.0,312.91588663558866,304.82689672551817
144,1F_Room2,3.0,312.91589214238235,304.85485638862616
145,1F_Room2,3.0,312.9158975683468,304.8825755953738
146,1F_Room2,3.0,312.91590291524864,304.91005763844635
147,1F_Room2,3.0,312.9159081848034,304.9373057488375
148,1F_Room2,3.0,312.91591337867743,304.9643230973132
149,1F_Room2,3.0,312.9159184984895,304.99111279583343
150,1F_Room2,3.0,312.9159235458124,305.0176778989335
151,1F_Room2,3.0,312.9159285221749,305.0440214050662
152,1F_Room2,3.0,312.91593342906305,305.0701462579058
153,1F_Room2,3.0,312.91593826792155,305.0960553476157
154,1F_Room2,3.0,312.91594304015547,305.12175151208044
155,1F_Room2,3.0,312.9159477471314,305.14723753810364
156,1F_Room2,3.0,312.91595239017875,305.1725161625725
157,1F_Room2,3.0,312.9159569705912,305.1975900735903
158,1F_Room2,3.0,312.9159614896276,305.222461911578
159,1F_Room2,3.0,312.9159659485134,305.2471342703458
160,1F_Room2,3.0,312.91597034844165,305.2716096981351
161,1F_Room2,3.0,312.915974690574,305.295890698633
162,1F_Room2,3.0,312.91597897604174,305.31997973195917
163,1F_Room2,3.0,312.91598320594693,305.34387921562603
164,1F_Room2,3.0,312.9159873813632,305.3675915254739
165,1F_Room2,3.0,312.91599150333667,305.39111899658104
166,1F_Room2,3.0,312.91599557288686,305.4144639241496
167,1F_Room2,3.0,312.91599959100756,305.43762856436837
168,1F_Room2,3.0,312.91600355866757,305.46061513525325
169,1F_Room2,3.0,312.91600747681144,305.4834258174653
170,1F_Room2,3.0,312.91601134636045,305.5060627551079
171,1F_Room2,3.0,312.916015168213,305.52852805650355
172,1F_Room2,3.0,312.9160189432456,305.55082379495013
173,1F_Room2,3.0,312.9160226723134,305.5729520094585
174,1F_Room2,3.0,312.9160263562507,305.5949147054709
175,1F_Room2,3.0,312.91602999587195,305.61671385556116
176,1F_Room2,3.0,312.916033591972,305.6383514001176
177,1F_Room2,3.0,312.9160371453268,305.6598292480082
178,1F_Room2,3.0,312.91604065669407,305.68114927722974
179,1F_Room2,3.0,312.9160441268136,305.7023133355405
180,1F_Room2,3.0,312.9160475564079,305.72332324107725
181,1F_Room2,3.0,312.91605094618274,305.7441807829569
182,1F_Room2,3.0,312.91605429682767,305.76488772186383
183,1F_Room2,3.0,312.9160576090163,305.78544579062236
184,1F_Room2,3.0,312.916060883407,305.8058566947556
185,1F_Room2,3.0,312.916064120643,305.8261221130306
186,1F_Room2,3.0,312.9160673213532,305.84624369799013
187,1F_Room2,3.0,312.91607048615225,305.86622307647235
188,1F_Room2,3.0,312.9160736156412,305.88606185011724
189,1F_Room2,3.0,312.9160767104077,305.90576159586146
190,1F_Room2,3.0,312.91607977102643,305.92532386642125
191,1F_Room2,3.0,312.9160827980595,305.94475019076407
192,1F_Room2,3.0,312.9160857920567,305.96404207456885
193,1F_Room2,3.0,312.9160887535559,305.9832010006759
194,1F_Room2,3.0,312.9160916830834,306.0022284295257
195,1F_Room2,3.0,312.9160945811541,306.0211257995883
196,1F_Room2,3.0,312.91609744827196,306.0398945277819
197,1F_Room2,3.0,312.9161002849303,306.0585360098824
198,1F_Room2,3.0,312.9161030916119,306.07705162092327
199,1F_Room2,3.0,312.91610586878943,306.09544271558633
200,1F_Room2,3.0,312.9161086169257,306.1137106285837
201,1F_Room2,3.0,312.9161113364739,306.13185667503086
202,1F_Room2,3.0,312.9161140278777,306.14988215081155
203,1F_Room2,3.0,312.91611669157186,306.1677883329343
204,1F_Room2,3.0,312.9161193279821,306.1855764798811
205,1F_Room2,3.0,312.9161219375254,306.2032478319478
206,1F_Room2,3.0,312.91612452061054,306.2208036115778
207,1F_Room2,3.0,312.9161270776377,306.2382450236876
208,1F_Room2,3.0,312.91612960899937,306.25557325598544
209,1F_Room2,3.0,312.9161321150799,306.2727894792828
210,1F_Room2,3.0,312.9161345962562,306.2898948477995
211,1F_Room2,3.0,312.9161370528976,306.3068904994615
212,1F_Room2,3.0,312.91613948536633,306.3237775561928
213,1F_Room2,3.0,312.91614189401736,306.34055712420064
214,1F_Room2,3.0,312.9161442791988,306.35723029425475
215,1F_Room2,3.0,312.91614664125206,306.3737981419605
216,1F_Room2,3.0,312.9161489805119,306.3902617280262
217,1F_Room2,3.0,312.9161512973066,306.4066220985248
218,1F_Room2,3.0,312.91615359195833,306.42288028515003
219,1F_Room2,3.0,312.916155864783,306.4390373054668
220,1F_Room2,3.0,312.91615811609046,306.4550941631569
221,1F_Room2,3.0,312.91616034618494,306.4710518482589
222,1F_Room2,3.0,312.91616255536485,306.4869113374037
223,1F_Room2,3.0,312.916164743923,306.50267359404427
224,1F_Room2,3.0,312.9161669121468,306.51833956868165
225,1F_Room2,3.0,312.9161690603184,306.53391019908565
226,1F_Room2,3.0,312.9161711887146,306.54938641051086
227,1F_Room2,3.0,312.91617329760726,306.5647691159088
228,1F_Room2,3.0,312.9161753872632,306.5800592161353
229,1F_Room2,3.0,312.91617745794446,306.59525760015356
230,1F_Room2,3.0,312.9161795099083,306.6103651452336
231,1F_Room2,3.0,312.91618154340745,306.625382717147
232,1F_Room2,3.0,312.9161835586899,306.6403111703584
233,1F_Room2,3.0,312.91618555599945,306.65515134821254
234,1F_Room2,3.0,312.9161875355754,306.6699040831179
235,1F_Room2,3.0,312.91618949765285,306.6845701967265
236,1F_Room2,3.0,312.9161914424629,306.69915050011036
237,1F_Room2,3.0,312.9161933702324,306.71364579393423
238,1F_Room2,3.0,312.9161952811844,306.72805686862483
239,1F_Room2,3.0,312.916197175538,306.74238450453714
240,1F_Room2,3.0,312.91619905350854,306.756629472117
241,1F_Room2,3.0,312.91620091530757,306.77079253206097
242,1F_Room2,3.0,312.91620276114315,306.7848744354724
243,1F_Room2,3.0,312.9162045912197,306.79887592401525
244,1F_Room2,3.0,312.91620640573814,306.8127977300646
245,1F_Room2,3.0,312.91620820489607,306.8266405768539
246,1F_Room2,3.0,312.91620998888766,306.8404051786201
247,1F_Room2,3.0,312.9162117579039,306.8540922407452
248,1F_Room2,3.0,312.91621351213263,306.867702459896
249,1F_Room2,3.0,312.9162152517584,306.8812365241603
250,1F_Room2,3.0,312.91621697696286,306.894695113181
251,1F_Room2,3.0,312.9162186879246,306.90807889828784
252,1F_Room2,3.0,312.9162203848192,306.92138854262606
253,1F_Room2,3.0,312.9162220678195,306.9346247012832
254,1F_Room2,3.0,312.91622373709544,306.9477880214133
255,1F_Room2,3.0,312.91622539281417,306.96087914235864
256,1F_Room2,3.0,312.91622703514025,306.9738986957695
257,1F_Room2,3.0,312.91622866423546,306.98684730572154
258,1F_Room2,3.0,312.9162302802591,306.99972558883104
259,1F_Room2,3.0,312.9162318833678,307.0125341543681
260,1F_Room2,3.0,312.91623347371586,307.0252736043675
261,1F_Room2,3.0,312.916235051455,307.03794453373786
262,1F_Room2,3.0,312.9162366167345,307.0505475303686
263,1F_Room2,3.0,312.9162381697015,307.063083175235
264,1F_Room2,3.0,312.9162397105006,307.0755520425015
265,1F_Room2,3.0,312.91624123927426,307.08795469962286
266,1F_Room2,3.0,312.9162427561628,307.10029170744366
267,1F_Room2,3.0,312.9162442613042,307.11256362029616
268,1F_Room2,3.0,312.91624575483445,307.124770986096
269,1F_Room2,3.0,312.91624723688733,307.1369143464366
270,1F_Room2,3.0,312.91624870759466,307.14899423668174
271,1F_Room2,3.0,312.9162501670862,307.16101118605644
272,1F_Room2,3.0,312.91625161548984,307.17296571773625
273,1F_Room2,3.0,312.9162530529314,307.184858348935
274,1F_Room2,3.0,312.91625447953487,307.19668959099107
275,1F_Room2,3.0,312.91625589542235,307.208459949452
276,1F_Room2,3.0,312.91625730071416,307.2201699241578
277,1F_Room2,3.0,312.91625869552877,307.2318200093226
278,1F_Room2,3.0,312.9162600799829,307.24341069361503
279,1F_Room2,3.0,312.9162614541916,307.2549424602373
280,1F_Room2,3.0,312.91626281826814,307.26641578700276
281,1F_Room2,3.0,312.9162641723242,307.2778311464119
282,1F_Room2,3.0,312.91626551646976,307.28918900572785
283,1F_Room2,3.0,312.91626685081326,307.30048982704943
284,1F_Room2,3.0,312.9162681754615,307.311734067384
285,1F_Room2,3.0,312.91626949051977,307.3229221787186
286,1F_Room2,3.0,312.91627079609185,307.33405460808984
287,1F_Room2,3.0,312.91627209228,307.34513179765264
288,1F_Room2,3.0,312.91627337918504,307.3561541847481
289,1F_Room2,3.0,312.91627465690635,307.3671222019699
290,1F_Room2,3.0,312.91627592554187,307.37803627722957
291,1F_Room2,3.0,312.91627718518816,307.3888968338211
292,1F_Room2,3.0,312.91627843594046,307.3997042904839
293,1F_Room2,3.0,312.9162796778926,307.4104590614651
294,1F_Room2,3.0,312.91628091113716,307.4211615565807
295,1F_Room2,3.0,312.91628213576536,307.4318121812759
296,1F_Room2,3.0,312.9162833518672,307.44241133668396
297,1F_Room2,3.0,312.91628455953145,307.45295941968453
298,1F_Room2,3.0,312.91628575884556,307.46345682296095
299,1F_Room2,3.0,312.9162869498959,307.47390393505657
0,Stairs,0.6241522945769824,300.0,293.27087308497187
1,Stairs,0.6478326783629844,300.0,293.5168444740591
2,Stairs,0.6710762357605747,300.0,293.74139659766604
3,Stairs,0.69391371117989,300.0,293.9473742222961
4,Stairs,0.7163722392143655,300.0,294.1371262186846
5,Stairs,0.738475922507193,300.0,294.3126107515903
6,Stairs,0.7602462946683238,300.0,294.47547452181453
7,Stairs,0.7817026951861675,300.0,294.62711328362724
8,Stairs,0.8028625760860623,300.0,294.76871863930495
9,Stairs,0.8237417550304379,300.0,294.9013146340586
10,Stairs,0.8443546259406672,300.0,295.025786672177
11,Stairs,0.8647143355976978,300.0,295.14290458384505
12,Stairs,0.884832932749245,300.0,295.25334118780376
13,Stairs,0.9047214948143204,300.0,295.35768735089385
14,Stairs,0.924390236193105,300.0,295.4564642977648
15,Stairs,0.9438486013656026,300.0,295.5501337434569
16,Stairs,0.9631053453283098,300.0,295.63910628846804
17,Stairs,0.9821686034258735,300.0,295.723748416773
18,Stairs,1.0010459522493247,300.0,295.80438836268956
19,Stairs,1.0197444629683419,300.0,295.8813210558689
20,Stairs,1.0382707482231968,300.0,295.9548123103397
21,Stairs,1.0566310035084143,300.0,296.0251023900749
22,Stairs,1.0748310438241324,300.0,296.0924090575231
23,Stairs,1.0928763362445875,300.0,296.1569301911616
24,Stairs,1.1107720289499063,300.0,296.218846042047
25,Stairs,1.128522977182684,300.0,296.27832118657983
26,Stairs,1.1461337665209943,300.0,296.3355062225062
27,Stairs,1.1636087338015881,300.0,296.39053924699647
28,Stairs,1.1809519859788364,300.0,296.44354714903056
29,Stairs,1.1981674171646686,300.0,296.4946467429544
30,Stairs,1.2152587240608796,300.0,296.54394576569575
31,Stairs,1.2322294199666268,300.0,296.591543756541
32,Stairs,1.2490828475197466,300.0,296.63753283541973
33,Stairs,1.2658221903099625,300.0,296.68199839320386
34,Stairs,1.2824504834845394,300.0,296.72501970550013
35,Stairs,1.2989706234519143,300.0,296.7666704797244
36,Stairs,1.3153853767759711,300.0,296.8070193438332
37,Stairs,1.3316973883425203,300.0,296.84613028390055
38,Stairs,1.347909188869964,300.0,296.88406303672764
39,Stairs,1.3640232018278224,300.0,296.9208734428272
40,Stairs,1.380041749819585,300.0,296.95661376440773
41,Stairs,1.3959670604800614,300.0,296.9913329723712
42,Stairs,1.4118012719319273,300.0,297.02507700581873
43,Stairs,1.4275464378413456,300.0,297.0578890071117
44,Stairs,1.443204532108338,300.0,297.0898095351545
45,Stairs,1.458777453223866,300.0,297.12087675923465
46,Stairs,1.4742670283223134,300.0,297.15112663547455
47,Stairs,1.4896750169551771,300.0,297.1805930677006
48,Stairs,1.5050031146092115,300.0,297.20930805432533
49,Stairs,1.5202529559900113,300.0,297.23730182265183
50,Stairs,1.535426118089994,300.0,297.2646029518493
51,Stairs,1.5505241230579543,300.0,297.291238485708
52,Stairs,1.5655484408857627,300.0,297.31723403615814
53,Stairs,1.5805004919263441,300.0,297.3426138784317
54,Stairs,1.5953816492558002,300.0,297.3674010386485
55,Stairs,1.610193240891384,300.0,297.3916173745279
56,Stairs,1.6249365518760082,300.0,297.41528364985135
57,Stairs,1.6396128262390424,300.0,297.4384196032379
58,Stairs,1.6542232688423146,300.0,297.4610440117373
59,Stairs,1.6687690471194836,300.0,297.4831747496939
60,Stairs,1.6832512927162655,300.0,297.50482884329
61,Stairs,1.6976711030383826,300.0,297.5260225211369
62,Stairs,1.7120295427135446,300.0,297.54677126124676
63,Stairs,1.7263276449732656,300.0,297.567089834686
64,Stairs,1.7405664129598637,300.0,297.5869923461825
65,Stairs,1.7547468209635657,300.0,297.6064922719344
66,Stairs,1.7688698155942666,300.0,297.6256024948437
67,Stairs,1.7829363168921382,300.0,297.6443353373795
68,Stairs,1.7969472193809755,300.0,297.66270259225615
69,Stairs,1.8109033930678657,300.0,297.68071555109486
70,Stairs,1.8248056843925156,300.0,297.69838503122344
71,Stairs,1.8386549171293154,300.0,297.7157214007549
72,Stairs,1.8524518932450116,300.0,297.732734602073
73,Stairs,1.8661973937146412,300.0,297.74943417384316
74,Stairs,1.879892179298203,300.0,297.76582927165623
75,Stairs,1.8935369912803686,300.0,297.78192868740376
76,Stairs,1.90713255217537,300.0,297.79774086747585
77,Stairs,1.9206795663990657,300.0,297.81327392986464
78,Stairs,1.9341787209100445,300.0,297.8285356802502
79,Stairs,1.9476306858215047,300.0,297.84353362713944
80,Stairs,1.9610361149855307,300.0,297.8582749961226
81,Stairs,1.9743956465512873,300.0,297.8727667433076
82,Stairs,1.9877099034985488,300.0,297.8870155679872
83,Stairs,2.0009794941478893,300.0,297.9010279245904
84,Stairs,2.0142050126487825,300.0,297.9148100339646
85,Stairs,2.0273870394467735,300.0,297.928367894033
86,Stairs,2.040526141730818,300.0,297.9417072898664
87,Stairs,2.053622873861817,300.0,297.9548338032083
88,Stairs,2.0666777777833056,300.0,297.96775282148695
89,Stairs,2.079691383415211,300.0,297.98046954634657
90,Stairs,2.0926642090315184,300.0,297.99298900172806
91,Stairs,2.1055967616226607,300.0,298.00531604152684
92,Stairs,2.1184895372433754,300.0,298.01745535685336
93,Stairs,2.1313430213467446,300.0,298.0294114829205
94,Stairs,2.144157689105084,300.0,298.04118880558053
95,Stairs,2.156934005718319,300.0,298.0527915675314
96,Stairs,2.169672426710435,300.0,298.06422387421344
97,Stairs,2.182373398214571,300.0,298.0754896994129
98,Stairs,2.195037357247285,300.0,298.08659289059057
99,Stairs,2.207664731972492,300.0,298.0975371739503
100,Stairs,2.2202559419555503,300.0,298.10832615926284
101,Stairs,2.2328113984079496,300.0,298.1189633444587
102,Stairs,2.2453315044230138,300.0,298.1294521200022
103,Stairs,2.2578166552030328,300.0,298.1397957730605
104,Stairs,2.2702672382782,300.0,298.1499974914766
105,Stairs,2.28268363371771,300.0,298.1600603675593
106,Stairs,2.295066214333373,300.0,298.1699874016984
107,Stairs,2.307415345876055,300.0,298.1797815058151
108,Stairs,2.3197313872252634,300.0,298.18944550665645
109,Stairs,2.3320146905721635,300.0,298.1989821489421
110,Stairs,2.344265601596307,300.0,298.20839409837066
111,Stairs,2.356484459636339,300.0,298.2176839444935
112,Stairs,2.3686715978549224,300.0,298.2268542034625
113,Stairs,2.38082734339814,300.0,298.2359073206583
114,Stairs,2.3929520175495753,300.0,298.24484567320536
115,Stairs,2.4050459358793073,300.0,298.25367157237866
116,Stairs,2.4171094083880194,300.0,298.2623872659089
117,Stairs,2.429142739646414,300.0,298.2709949401898
118,Stairs,2.4411462289301253,300.0,298.2794967223933
119,Stairs,2.453120170350305,300.0,298.28789468249664
120,Stairs,2.4650648529800483,300.0,298.29619083522596
121,Stairs,2.4769805609768274,300.0,298.3043871419201
122,Stairs,2.488867573701085,300.0,298.3124855123185
123,Stairs,2.500726165831131,300.0,298.32048780627736
124,Stairs,2.512556607474488,300.0,298.32839583541636
125,Stairs,2.524359164275819,300.0,298.3362113647003
126,Stairs,2.5361340975215594,300.0,298.3439361139579
127,Stairs,2.5478816642413884,300.0,298.351571759341
128,Stairs,2.5596021173066466,300.0,298.35911993472723
129,Stairs,2.5712957055258117,300.0,298.3665822330676
130,Stairs,2.5829626737371494,300.0,298.3739602076831
131,Stairs,2.594603262898631,300.0,298.38125537351124
132,Stairs,2.606217710175223,300.0,298.38846920830525
133,Stairs,2.6178062490236385,300.0,298.39560315378844
134,Stairs,2.6293691092746445,300.0,298.40265861676505
135,Stairs,2.64090651721301,300.0,298.4096369701898
136,Stairs,2.652418695655172,300.0,298.4165395541981
137,Stairs,2.663905864024712,300.0,298.4233676770981
138,Stairs,2.675368238425703,300.0,298.4301226163269
139,Stairs,2.686806031714012,300.0,298.43680561937185
140,Stairs,2.6982194535666237,300.0,298.4434179046587
141,Stairs,2.7096087105490514,300.0,298.4499606624082
142,Stairs,2.7209740061809002,300.0,298.4564350554619
143,Stairs,2.732315540999647,300.0,298.46284222007887
144,Stairs,2.7436335126226936,300.0,298.46918326670465
145,Stairs,2.7549281158077523,300.0,298.4754592807131
146,Stairs,2.7661995425116164,300.0,298.4816713231225
147,Stairs,2.7774479819473687,300.0,298.4878204312872
148,Stairs,2.7886736206400844,300.0,298.49390761956545
149,Stairs,2.7998766424810677,300.0,298.49993387996426
150,Stairs,2.8110572287806757,300.0,298.50590018276273
151,Stairs,2.822215558319774,300.0,298.5118074771143
152,Stairs,2.833351807399864,300.0,298.5176566916288
153,Stairs,2.8444661498919293,300.0,298.52344873493513
154,Stairs,2.8555587572840353,300.0,298.5291844962254
155,Stairs,2.866629798727724,300.0,298.53486484578116
156,Stairs,2.8776794410832442,300.0,298.5404906354823
157,Stairs,2.888707848963645,300.0,298.5460626992997
158,Stairs,2.8997151847777745,300.0,298.55158185377167
159,Stairs,2.9107016087722184,300.0,298.55704889846515
160,Stairs,2.9216672790722003,300.0,298.56246461642235
161,Stairs,2.932612351721486,300.0,298.56782977459284
162,Stairs,2.943536980721316,300.0,298.57314512425245
163,Stairs,2.9544413180683975,300.0,298.5784114014087
164,Stairs,2.965325513791981,300.0,298.5836293271934
165,Stairs,2.976189715990051,300.0,298.5887996082437
166,Stairs,2.9870340708646554,300.0,298.5939229370705
167,Stairs,2.9978587227564004,300.0,298.5989999924164
168,Stairs,3.0,300.0,298.6040314396019
169,Stairs,3.0,300.0,298.6090179308617
170,Stairs,3.0,300.0,298.6139601056705
171,Stairs,3.0,300.0,298.61885859105917
172,Stairs,3.0,300.0,298.62371400192114
173,Stairs,3.0,300.0,298.62852694131027
174,Stairs,3.0,300.0,298.6332980007292
175,Stairs,3.0,300.0,298.6380277604097
176,Stairs,3.0,300.0,298.64271678958465
177,Stairs,3.0,300.0,298.6473656467519
178,Stairs,3.0,300.0,298.65197487993095
179,Stairs,3.0,300.0,298.6565450269117
180,Stairs,3.0,300.0,298.6610766154964
181,Stairs,3.0,300.0,298.66557016373457
182,Stairs,3.0,300.0,298.6700261801512
183,Stairs,3.0,300.0,298.67444516396847
184,Stairs,3.0,300.0,298.6788276053216
185,Stairs,3.0,300.0,298.68317398546804
186,Stairs,3.0,300.0,298.68748477699137
187,Stairs,3.0,300.0,298.69176044399916
188,Stairs,3.0,300.0,298.6960014423157
189,Stairs,3.0,300.0,298.7002082196692
190,Stairs,3.0,300.0,298.704381215874
191,Stairs,3.0,300.0,298.7085208630076
192,Stairs,3.0,300.0,298.7126275855834
193,Stairs,3.0,300.0,298.71670180071817
194,Stairs,3.0,300.0,298.72074391829545
195,Stairs,3.0,300.0,298.72475434112454
196,Stairs,3.0,300.0,298.72873346509505
197,Stairs,3.0,300.0,298.7326816793275
198,Stairs,3.0,300.0,298.73659936632026
199,Stairs,3.0,300.0,298.74048690209185
200,Stairs,3.0,300.0,298.74434465632044
201,Stairs,3.0,300.0,298.74817299247917
202,Stairs,3.0,300.0,298.7519722679681
203,Stairs,3.0,300.0,298.7557428342428
204,Stairs,3.0,300.0,298.75948503693985
205,Stairs,3.0,300.0,298.7631992159985
206,Stairs,3.0,300.0,298.76688570578
207,Stairs,3.0,300.0,298.77054483518356
208,Stairs,3.0,300.0,298.77417692775936
209,Stairs,3.0,300.0,298.7777823018187
210,Stairs,3.0,300.0,298.7813612705418
211,Stairs,3.0,300.0,298.7849141420823
212,Stairs,3.0,300.0,298.7884412196697
213,Stairs,3.0,300.0,298.79194280170907
214,Stairs,3.0,300.0,298.7954191818782
215,Stairs,3.0,300.0,298.79887064922264
216,Stairs,3.0,300.0,298.80229748824837
217,Stairs,3.0,300.0,298.80569997901205
218,Stairs,3.0,300.0,298.8090783972092
219,Stairs,3.0,300.0,298.81243301426036
220,Stairs,3.0,300.0,298.81576409739506
221,Stairs,3.0,300.0,298.8190719097339
222,Stairs,3.0,300.0,298.82235671036864
223,Stairs,3.0,300.0,298.82561875444026
224,Stairs,3.0,300.0,298.82885829321555
225,Stairs,3.0,300.0,298.8320755741615
226,Stairs,3.0,300.0,298.8352708410182
227,Stairs,3.0,300.0,298.8384443338701
228,Stairs,3.0,300.0,298.8415962892153
229,Stairs,3.0,300.0,298.8447269400337
230,Stairs,3.0,300.0,298.84783651585315
231,Stairs,3.0,300.0,298.85092524281447
232,Stairs,3.0,300.0,298.85399334373466
233,Stairs,3.0,300.0,298.857041038169
234,Stairs,3.0,300.0,298.86006854247137
235,Stairs,3.0,300.0,298.86307606985366
236,Stairs,3.0,300.0,298.86606383044347
237,Stairs,3.0,300.0,298.8690320313408
238,Stairs,3.0,300.0,298.8719808766732
239,Stairs,3.0,300.0,298.87491056765003
240,Stairs,3.0,300.0,298.87782130261525
241,Stairs,3.0,300.0,298.8807132770992
242,Stairs,3.0,300.0,298.8835866838692
243,Stairs,3.0,300.0,298.88644171297915
244,Stairs,3.0,300.0,298.8892785518177
245,Stairs,3.0,300.0,298.892097385156
246,Stairs,3.0,300.0,298.89489839519376
247,Stairs,3.0,300.0,298.8976817616048
248,Stairs,3.0,300.0,298.90044766158144
249,Stairs,3.0,300.0,298.90319626987787
250,Stairs,3.0,300.0,298.9059277588528
251,Stairs,3.0,300.0,298.908642298511
252,Stairs,3.0,300.0,298.91134005654413
253,Stairs,3.0,300.0,298.9140211983708
254,Stairs,3.0,300.0,298.9166858871753
255,Stairs,3.0,300.0,298.9193342839461
256,Stairs,3.0,300.0,298.9219665475134
257,Stairs,3.0,300.0,298.9245828345857
258,Stairs,3.0,300.0,298.9271832997856
259,Stairs,3.0,300.0,298.92976809568535
260,Stairs,3.0,300.0,298.93233737284106
261,Stairs,3.0,300.0,298.9348912798267
262,Stairs,3.0,300.0,298.9374299632669
263,Stairs,3.0,300.0,298.93995356786974
264,Stairs,3.0,300.0,298.94246223645837
265,Stairs,3.0,300.0,298.944956110002
266,Stairs,3.0,300.0,298.9474353276467
267,Stairs,3.0,300.0,298.9499000267451
268,Stairs,3.0,300.0,298.9523503428859
269,Stairs,3.0,300.0,298.9547864099223
270,Stairs,3.0,300.0,298.95720836000055
271,Stairs,3.0,300.0,298.9596163235872
272,Stairs,3.0,300.0,298.9620104294966
273,Stairs,3.0,300.0,298.96439080491695
274,Stairs,3.0,300.0,298.96675757543676
275,Stairs,3.0,300.0,298.96911086507015
276,Stairs,3.0,300.0,298.97145079628194
277,Stairs,3.0,300.0,298.9737774900122
278,Stairs,3.0,300.0,298.97609106570036
279,Stairs,3.0,300.0,298.9783916413088
280,Stairs,3.0,300.0,298.9806793333461
281,Stairs,3.0,300.0,298.9829542568895
282,Stairs,3.0,300.0,298.98521652560765
283,Stairs,3.0,300.0,298.9874662517821
284,Stairs,3.0,300.0,298.989703546329
285,Stairs,3.0,300.0,298.99192851882
286,Stairs,3.0,300.0,298.99414127750305
287,Stairs,3.0,300.0,298.9963419293227
288,Stairs,3.0,300.0,298.9985305799398
289,Stairs,3.0,300.0,299.00070733375145
290,Stairs,3.0,300.0,299.00287229390966
291,Stairs,3.0,300.0,299.0050255623407
292,Stairs,3.0,300.0,299.0071672397632
293,Stairs,3.0,300.0,299.00929742570656
294,Stairs,3.0,300.0,299.01141621852855
295,Stairs,3.0,300.0,299.013523715433
296,Stairs,3.0,300.0,299.0156200124868
297,Stairs,3.0,300.0,299.01770520463697
298,Stairs,3.0,300.0,299.019779385727
299,Stairs,3.0,300.0,299.02184264851337
0,2F_Room1,3.0,300.0,293.05590527349113
1,2F_Room1,3.0,300.0,293.1107062425132
2,2F_Room1,3.0,300.0,293.16443742497245
3,2F_Room1,3.0,300.0,293.21713187164437
4,2F_Room1,3.0,300.0,293.2688212446606
5,2F_Room1,3.0,300.0,293.3195358909541
6,2F_Room1,3.0,300.0,293.3693049110382
7,2F_Room1,3.0,300.0,293.4181562234656
8,2F_Room1,3.0,300.0,293.46611662528187
9,2F_Room1,3.0,300.0,293.51321184876497
10,2F_Room1,3.0,300.0,293.5594666147144
11,2F_Room1,3.0,300.0,293.6049046825356
12,2F_Room1,3.0,300.0,293.64954889734395
13,2F_Room1,3.0,300.0,293.6934212342939
14,2F_Room1,3.0,300.0,293.73654284032517
15,2F_Room1,3.0,300.0,293.7789340734997
16,2F_Room1,3.0,300.0,293.8206145400927
17,2F_Room1,3.0,300.0,293.8616031295862
18,2F_Room1,3.0,300.0,293.9019180477037
19,2F_Room1,3.0,300.0,293.94157684761416
20,2F_Room1,3.0,300.0,293.98059645942226
21,2F_Room1,3.0,300.0,294.01899321805615
22,2F_Room1,3.0,300.0,294.0567828896531
23,2F_Room1,3.0,300.0,294.0939806965378
24,2F_Room1,3.0,300.0,294.1306013408809
25,2F_Room1,3.0,300.0,294.16665902711867
26,2F_Room1,3.0,300.0,294.2021674832099
27,2F_Room1,3.0,300.0,294.2371399808002
28,2F_Room1,3.0,300.0,294.27158935435875
29,2F_Room1,3.0,300.0,294.30552801934954
30,2F_Room1,3.0,300.0,294.33896798949274
31,2F_Room1,3.0,300.0,294.37192089317045
32,2F_Room1,3.0,300.0,294.4043979890254
33,2F_Room1,3.0,300.0,294.4364101807995
34,2F_Room1,3.0,300.0,294.4679680314552
35,2F_Room1,3.0,300.0,294.4990817766202
36,2F_Room1,3.0,300.0,294.52976133739327
37,2F_Room1,3.0,300.0,294.56001633254664
38,2F_Room1,3.0,300.0,294.58985609015826
39,2F_Room1,3.0,300.0,294.61928965870476
40,2F_Room1,3.0,300.0,294.6483258176444
41,2F_Room1,3.0,300.0,294.6769730875176
42,2F_Room1,3.0,300.0,294.7052397395906
43,2F_Room1,3.0,300.0,294.7331338050659
44,2F_Room1,3.0,300.0,294.7606630838831
45,2F_Room1,3.0,300.0,294.78783515313063
46,2F_Room1,3.0,300.0,294.81465737508876
47,2F_Room1,3.0,300.0,294.8411369049229
48,2F_Room1,3.0,300.0,294.8672806980448
49,2F_Room1,3.0,300.0,294.89309551715803
50,2F_Room1,3.0,300.0,294.9185879390045
51,2F_Room1,3.0,300.0,294.9437643608258
52,2F_Room1,3.0,300.0,294.9686310065539
53,2F_Room1,3.0,300.0,294.99319393274465
54,2F_Room1,3.0,300.0,295.0174590342664
55,2F_Room1,3.0,300.0,295.0414320497551
56,2F_Room1,3.0,300.0,295.06511856684796
57,2F_Room1,3.0,300.0,295.0885240272053
58,2F_Room1,3.0,300.0,295.11165373133133
59,2F_Room1,3.0,300.0,295.13451284320246
60,2F_Room1,3.0,300.0,295.1571063947132
61,2F_Room1,3.0,300.0,295.17943928994686
62,2F_Room1,3.0,300.0,295.2015163092802
63,2F_Room1,3.0,300.0,295.2233421133285
64,2F_Room1,3.0,300.0,295.2449212467395
65,2F_Room1,3.0,300.0,295.266258141842
66,2F_Room1,3.0,300.0,295.28735712215575
67,2F_Room1,3.0,300.0,295.30822240576964
68,2F_Room1,3.0,300.0,295.3288581085928
69,2F_Room1,3.0,300.0,295.3492682474849
70,2F_Room1,3.0,300.0,295.36945674327086
71,2F_Room1,3.0,300.0,295.3894274236448
72,2F_Room1,3.0,300.0,295.40918402596793
73,2F_Room1,3.0,300.0,295.42873019996506
74,2F_Room1,3.0,300.0,295.44806951032393
75,2F_Room1,3.0,300.0,295.4672054392016
76,2F_Room1,3.0,300.0,295.48614138864167
77,2F_Room1,3.0,300.0,295.5048806829059
78,2F_Room1,3.0,300.0,295.52342657072404
79,2F_Room1,3.0,300.0,295.54178222746526
80,2F_Room1,3.0,300.0,295.5599507572339
81,2F_Room1,3.0,300.0,295.5779351948931
82,2F_Room1,3.0,300.0,295.5957385080193
83,2F_Room1,3.0,300.0,295.61336359878965
84,2F_Room1,3.0,300.0,295.630813305806
85,2F_Room1,3.0,300.0,295.64809040585715
86,2F_Room1,3.0,300.0,295.6651976156222
87,2F_Room1,3.0,300.0,295.6821375933174
88,2F_Room1,3.0,300.0,295.69891294028815
89,2F_Room1,3.0,300.0,295.7155262025491
90,2F_Room1,3.0,300.0,295.7319798722734
91,2F_Room1,3.0,300.0,295.7482763892343
92,2F_Room1,3.0,300.0,295.7644181421992
93,2F_Room1,3.0,300.0,295.78040747027944
94,2F_Room1,3.0,300.0,295.7962466642371
95,2F_Room1,3.0,300.0,295.81193796775
96,2F_Room1,3.0,300.0,295.8274835786366
97,2F_Room1,3.0,300.0,295.84288565004266
98,2F_Room1,3.0,300.0,295.85814629159097
99,2F_Room1,3.0,300.0,295.8732675704949
100,2F_Room1,3.0,300.0,295.8882515126377
101,2F_Room1,3.0,300.0,295.9031001036189
102,2F_Room1,3.0,300.0,295.9178152897683
103,2F_Room1,3.0,300.0,295.9323989791295
104,2F_Room1,3.0,300.0,295.9468530424133
105,2F_Room1,3.0,300.0,295.9611793139226
106,2F_Room1,3.0,300.0,295.97537959245
107,2F_Room1,3.0,300.0,295.9894556421477
108,2F_Room1,3.0,300.0,296.0034091933727
109,2F_Room1,3.0,300.0,296.0172419435065
110,2F_Room1,3.0,300.0,296.030955557751
111,2F_Room1,3.0,300.0,296.0445516699008
112,2F_Room1,3.0,300.0,296.0580318830937
113,2F_Room1,3.0,300.0,296.07139777053925
114,2F_Room1,3.0,300.0,296.0846508762262
115,2F_Room1,3.0,300.0,296.09779271561
116,2F_Room1,3.0,300.0,296.1108247762807
117,2F_Room1,3.0,300.0,296.12374851861176
118,2F_Room1,3.0,300.0,296.136565376391
119,2F_Room1,3.0,300.0,296.1492767574334
120,2F_Room1,3.0,300.0,296.16188404417744
121,2F_Room1,3.0,300.0,296.17438859426403
122,2F_Room1,3.0,300.0,296.18679174110036
123,2F_Room1,3.0,300.0,296.1990947944077
124,2F_Room1,3.0,300.0,296.2112990407544
125,2F_Room1,3.0,300.0,296.2234057440745
126,2F_Room1,3.0,300.0,296.23541614617216
127,2F_Room1,3.0,300.0,296.2473314672124
128,2F_Room1,3.0,300.0,296.259152906199
129,2F_Room1,3.0,300.0,296.2708816414394
130,2F_Room1,3.0,300.0,296.28251883099733
131,2F_Room1,3.0,300.0,296.2940656131334
132,2F_Room1,3.0,300.0,296.30552310673426
133,2F_Room1,3.0,300.0,296.31689241173035
134,2F_Room1,3.0,300.0,296.3281746095029
135,2F_Room1,3.0,300.0,296.3393707632803
136,2F_Room1,3.0,300.0,296.350481918524
137,2F_Room1,3.0,300.0,296.36150910330514
138,2F_Room1,3.0,300.0,296.3724533286707
139,2F_Room1,3.0,300.0,296.38331558900103
140,2F_Room1,3.0,300.0,296.39409686235786
141,2F_Room1,3.0,300.0,296.40479811082366
142,2F_Room1,3.0,300.0,296.41542028083256
143,2F_Room1,3.0,300.0,296.42596430349295
144,2F_Room1,3.0,300.0,296.4364310949018
145,2F_Room1,3.0,300.0,296.44682155645165
146,2F_Room1,3.0,300.0,296.4571365751295
147,2F_Room1,3.0,300.0,296.46737702380864
148,2F_Room1,3.0,300.0,296.47754376153347
149,2F_Room1,3.0,300.0,296.4876376337969
150,2F_Room1,3.0,300.0,296.49765947281156
151,2F_Room1,3.0,300.0,296.507610097774
152,2F_Room1,3.0,300.0,296.5174903151228
153,2F_Room1,3.0,300.0,296.52730091879056
154,2F_Room1,3.0,300.0,296.5370426904495
155,2F_Room1,3.0,300.0,296.54671639975146
156,2F_Room1,3.0,300.0,296.5563228045624
157,2F_Room1,3.0,300.0,296.5658626511911
158,2F_Room1,3.0,300.0,296.5753366746124
159,2F_Room1,3.0,300.0,296.58474559868574
160,2F_Room1,3.0,300.0,296.594090136368
161,2F_Room1,3.0,300.0,296.6033709899216
162,2F_Room1,3.0,300.0,296.6125888511182
163,2F_Room1,3.0,300.0,296.62174440143707
164,2F_Room1,3.0,300.0,296.6308383122594
165,2F_Room1,3.0,300.0,296.639871245058
166,2F_Room1,3.0,300.0,296.6488438515824
167,2F_Room1,3.0,300.0,296.65775677404054
168,2F_Room1,3.0,300.0,296.66661064527545
169,2F_Room1,3.0,300.0,296.6754060889387
170,2F_Room1,3.0,300.0,296.68414371965946
171,2F_Room1,3.0,300.0,296.69282414321003
172,2F_Room1,3.0,300.0,296.7014479566678
173,2F_Room1,3.0,300.0,296.7100157485732
174,2F_Room1,3.0,300.0,296.71852809908484
175,2F_Room1,3.0,300.0,296.72698558013064
176,2F_Room1,3.0,300.0,296.73538875555585
177,2F_Room1,3.0,300.0,296.74373818126804
178,2F_Room1,3.0,300.0,296.75203440537877
179,2F_Room1,3.0,300.0,296.7602779683421
180,2F_Room1,3.0,300.0,296.7684694030904
181,2F_Room1,3.0,300.0,296.77660923516703
182,2F_Room1,3.0,300.0,296.7846979828562
183,2F_Room1,3.0,300.0,296.79273615731023
184,2F_Room1,3.0,300.0,296.800724262674
185,2F_Room1,3.0,300.0,296.80866279620665
186,2F_Room1,3.0,300.0,296.8165522484009
187,2F_Room1,3.0,300.0,296.82439310309996
188,2F_Room1,3.0,300.0,296.8321858376117
189,2F_Room1,3.0,300.0,296.83993092282054
190,2F_Room1,3.0,300.0,296.8476288232973
191,2F_Room1,3.0,300.0,296.85527999740646
192,2F_Room1,3.0,300.0,296.8628848974111
193,2F_Room1,3.0,300.0,296.87044396957634
194,2F_Room1,3.0,300.0,296.8779576542699
195,2F_Room1,3.0,300.0,296.88542638606094
196,2F_Room1,3.0,300.0,296.8928505938172
197,2F_Room1,3.0,300.0,296.90023070079945
198,2F_Room1,3.0,300.0,296.90756712475485
199,2F_Room1,3.0,300.0,296.91486027800784
200,2F_Room1,3.0,300.0,296.92211056754945
201,2F_Room1,3.0,300.0,296.9293183951249
202,2F_Room1,3.0,300.0,296.93648415731917
203,2F_Room1,3.0,300.0,296.9436082456413
204,2F_Room1,3.0,300.0,296.95069104660666
205,2F_Room1,3.0,300.0,296.95773294181777
206,2F_Room1,3.0,300.0,296.96473430804355
207,2F_Room1,3.0,300.0,296.9716955172969
208,2F_Room1,3.0,300.0,296.97861693691095
209,2F_Room1,3.0,300.0,296.9854989296137
210,2F_Room1,3.0,300.0,296.99234185360126
211,2F_Room1,3.0,300.0,296.9991460626096
212,2F_Room1,3.0,300.0,297.00591190598516
213,2F_Room1,3.0,300.0,297.01263972875387
214,2F_Room1,3.0,300.0,297.0193298716888
215,2F_Room1,3.0,300.0,297.02598267137694
216,2F_Room1,3.0,300.0,297.03259846028425
217,2F_Room1,3.0,300.0,297.03917756681966
218,2F_Room1,3.0,300.0,297.04572031539794
219,2F_Room1,3.0,300.0,297.0522270265014
220,2F_Room1,3.0,300.0,297.0586980167401
221,2F_Room1,3.0,300.0,297.0651335989116
222,2F_Room1,3.0,300.0,297.07153408205886
223,2F_Room1,3.0,300.0,297.07789977152754
224,2F_Room1,3.0,300.0,297.08423096902226
225,2F_Room1,3.0,300.0,297.0905279726614
226,2F_Room1,3.0,300.0,297.09679107703147
227,2F_Room1,3.0,300.0,297.10302057324
228,2F_Room1,3.0,300.0,297.1092167489677
229,2F_Room1,3.0,300.0,297.11537988851984
230,2F_Room1,3.0,300.0,297.1215102728762
231,2F_Room1,3.0,300.0,297.1276081797406
232,2F_Room1,3.0,300.0,297.1336738835894
233,2F_Room1,3.0,300.0,297.1397076557189
234,2F_Room1,3.0,300.0,297.1457097642923
235,2F_Room1,3.0,300.0,297.15168047438556
236,2F_Room1,3.0,300.0,297.1576200480324
237,2F_Room1,3.0,300.0,297.16352874426866
238,2F_Room1,3.0,300.0,297.1694068191759
239,2F_Room1,3.0,300.0,297.175254525924
240,2F_Room1,3.0,300.0,297.18107211481333
241,2F_Room1,3.0,300.0,297.1868598333159
242,2F_Room1,3.0,300.0,297.192617926116
243,2F_Room1,3.0,300.0,297.19834663514996
244,2F_Room1,3.0,300.0,297.2040461996454
245,2F_Room1,3.0,300.0,297.2097168561597
246,2F_Room1,3.0,300.0,297.21535883861765
247,2F_Room1,3.0,300.0,297.220972378349
248,2F_Room1,3.0,300.0,297.2265577041247
249,2F_Room1,3.0,300.0,297.23211504219273
250,2F_Room1,3.0,300.0,297.2376446163138
251,2F_Room1,3.0,300.0,297.2431466477957
252,2F_Room1,3.0,300.0,297.2486213555275
253,2F_Room1,3.0,300.0,297.2540689560133
254,2F_Room1,3.0,300.0,297.25948966340496
255,2F_Room1,3.0,300.0,297.26488368953454
256,2F_Room1,3.0,300.0,297.2702512439464
257,2F_Room1,3.0,300.0,297.27559253392843
258,2F_Room1,3.0,300.0,297.2809077645428
259,2F_Room1,3.0,300.0,297.28619713865646
260,2F_Room1,3.0,300.0,297.2914608569709
261,2F_Room1,3.0,300.0,297.29669911805144
262,2F_Room1,3.0,300.0,297.3019121183561
263,2F_Room1,3.0,300.0,297.307100052264
264,2F_Room1,3.0,300.0,297.31226311210327
265,2F_Room1,3.0,300.0,297.31740148817863
266,2F_Room1,3.0,300.0,297.32251536879824
267,2F_Room1,3.0,300.0,297.3276049403004
268,2F_Room1,3.0,300.0,297.33267038707953
269,2F_Room1,3.0,300.0,297.3377118916122
270,2F_Room1,3.0,300.0,297.34272963448217
271,2F_Room1,3.0,300.0,297.3477237944055
272,2F_Room1,3.0,300.0,297.352694548255
273,2F_Room1,3.0,300.0,297.3576420710843
274,2F_Room1,3.0,300.0,297.36256653615163
275,2F_Room1,3.0,300.0,297.36746811494334
276,2F_Room1,3.0,300.0,297.3723469771967
277,2F_Room1,3.0,300.0,297.3772032909226
278,2F_Room1,3.0,300.0,297.3820372224279
279,2F_Room1,3.0,300.0,297.3868489363374
280,2F_Room1,3.0,300.0,297.3916385956152
281,2F_Room1,3.0,300.0,297.3964063615862
282,2F_Room1,3.0,300.0,297.401152393957
283,2F_Room1,3.0,300.0,297.4058768508365
284,2F_Room1,3.0,300.0,297.410579888756
285,2F_Room1,3.0,300.0,297.4152616626895
286,2F_Room1,3.0,300.0,297.4199223260731
287,2F_Room1,3.0,300.0,297.4245620308246
288,2F_Room1,3.0,300.0,297.42918092736227
289,2F_Room1,3.0,300.0,297.43377916462396
290,2F_Room1,3.0,300.0,297.4383568900854
291,2F_Room1,3.0,300.0,297.4429142497785
292,2F_Room1,3.0,300.0,297.4474513883092
293,2F_Room1,3.0,300.0,297.4519684488754
294,2F_Room1,3.0,300.0,297.4564655732839
295,2F_Room1,3.0,300.0,297.46094290196805
296,2F_Room1,3.0,300.0,297.4654005740044
297,2F_Room1,3.0,300.0,297.46983872712923
298,2F_Room1,3.0,300.0,297.4742574977553
299,2F_Room1,3.0,300.0,297.47865702098755
